Emin,Emax,Eref,TSmax,Fhat,UL95,E2dnde_erg,E2dnde_UL_erg,n_used
100.0,316.0,177.76388834631177,0.004404330045218785,2.0996536004384418e-11,3.418773361016264e-07,4.9214307242814635e-15,8.01334860890723e-11,5
316.0,1000.0,562.1387729022078,0.08442720500181622,2.7304964154553252e-08,2.305851100178221e-07,2.0210775843801113e-11,1.7067606993035694e-10,5
1000.0,3162.0,1778.2013384316188,-0.0004930498208062656,0.0,6.375402717143966e-08,,1.4939091693938818e-10,5
3162.0,10000.0,5623.166367803819,0.00038189731403323254,1.4490181504862009e-11,6.50423242595577e-08,1.0735369287175641e-13,4.818803477294499e-10,5
