Emin,Emax,Eref,TS_local,TS_global,det_flag,Index_used,Index_err,Flux_MLE,FluxErr,UL95,E2dnde_erg,E2dnde_UL_erg
100.0,316.0,177.76388834631177,0.18398482506522384,25.04568108087119,0,2.0,,,,6.0306533383800676e-06,,1.4135399582481935e-09
316.0,1000.0,562.1387729022078,8.41741896985208,25.04568108087119,0,2.0,,,,4.902882508226382e-06,,3.629049238130305e-09
1000.0,3162.0,1778.2013384316188,22.146989438855776,25.04568108087119,1,1.6884122558425985,,1.0167680865893848e-06,7.222022624655521e-07,,2.4516270583793988e-09,
3162.0,10000.0,5623.166367803819,-3.244043045362924e-05,25.04568108087119,0,2.0,,,,8.35996229587585e-07,,6.193661717969393e-09
